{
  "models": {
    "RNN": {
      "metrics": {
        "bleu": 0.3150460019216374,
        "rouge-1": 0.7458546128384732,
        "rouge-2": 0.4625349240607278,
        "rouge-l": 0.722364569548429,
        "precision": 0.4828104608753659,
        "recall": 0.4345016316230216,
        "f1": 0.4244363839359307,
        "accuracy": 0.5000851788756389
      },
      "inference_time": 0.00040717869997024535,
      "relative_time": 2.0370883933829833
    },
    "LSTM": {
      "metrics": {
        "bleu": 0.3133524921457139,
        "rouge-1": 0.7587859259455579,
        "rouge-2": 0.46469675408795924,
        "rouge-l": 0.7320199086295399,
        "precision": 0.538457204775521,
        "recall": 0.4530874566150396,
        "f1": 0.44823145936473985,
        "accuracy": 0.5149914821124361
      },
      "inference_time": 0.0003413282334804535,
      "relative_time": 1.7076428182706
    },
    "GRU": {
      "metrics": {
        "bleu": 0.3218344686655932,
        "rouge-1": 0.7790508609880326,
        "rouge-2": 0.47488642293023314,
        "rouge-l": 0.7497996344368041,
        "precision": 0.5505597662597612,
        "recall": 0.47492123156100574,
        "f1": 0.4754881133482661,
        "accuracy": 0.5264054514480409
      },
      "inference_time": 0.00019988268613815307,
      "relative_time": 1.0
    },
    "Transformer": {
      "metrics": {
        "bleu": 0.23959377687177288,
        "rouge-1": 0.7331821021122259,
        "rouge-2": 0.4468357937069293,
        "rouge-l": 0.7043709188510414,
        "precision": 0.5518780936690935,
        "recall": 0.43043975049879046,
        "f1": 0.4202415797783321,
        "accuracy": 0.5120954003407155
      },
      "inference_time": 0.0003183737397193909,
      "relative_time": 1.5928029879453405
    }
  },
  "hyperparameter_analysis": {
    "n_layers": {
      "LSTM": {
        "1": 0.45829047851356053,
        "2": 0.40037130020402756,
        "3": 0.3854711622487129,
        "4": 0.35530199680271357
      },
      "Transformer": {
        "1": 0.3692705233549964,
        "2": 0.41321919722320966,
        "3": 0.4297393424374919,
        "4": 0.42434605262976755
      }
    },
    "learning_rate": {
      "0.0001": 0.38688260445385597,
      "0.001": 0.4336333703285703,
      "0.01": 0.35537712323820647,
      "0.1": 0.36996385286082134
    },
    "n_heads": {
      "2": 0.3696770565154758,
      "4": 0.39459987758158466,
      "8": 0.4107585644151257,
      "16": 0.42591402430942343
    }
  },
  "best_models": {
    "overall": "GRU",
    "rnn_lstm": "GRU",
    "accuracy": "GRU",
    "f1": "GRU",
    "bleu": "GRU",
    "rouge": "GRU",
    "inference_time": "GRU"
  },
  "weighted_scores": {
    "RNN": 0.2854869467243103,
    "LSTM": 0.5981233087684928,
    "GRU": 0.9999999999999999,
    "Transformer": 0.13410182136017282
  }
}