{
  "SimpleRNN": {
    "accuracy": 0.026,
    "precision": 0.019042551042618955,
    "recall": 0.026,
    "f1": 0.013120138104270476
  },
  "Transformer": {
    "accuracy": 0.188,
    "precision": 0.1226548133946473,
    "recall": 0.188,
    "f1": 0.12989299016444214
  }
}