{
  "SimpleRNN": {
    "accuracy": 0.025,
    "precision": 0.00561980783444198,
    "recall": 0.025,
    "f1": 0.007021520910964465
  },
  "Transformer": {
    "accuracy": 0.076,
    "precision": 0.02241340730398016,
    "recall": 0.076,
    "f1": 0.032169518683368856
  }
}